บล็อก,ดินแดน,ภูมิประเทศ,บทบาท,ชื่อ/หน้าที่,มอนแสง,มอนมืด,อาคาร,ของตกแต่ง,ดันเจี้ยน,ถนน,ทางออก,บท
N1,mystery,mystery,ชมวิว,สะพานเมฆ,,,,หมอกม่วงเงิน เกาะลอย น้ำตกกลับหัว ออโรร่า,,,se,8
O1,mystery,mystery,ทางผ่าน·มีมอน,ทางผ่าน·มีมอน,วิญญาณดาว กวางแสง,เงาหมอก,,หมอกม่วงเงิน เกาะลอย น้ำตกกลับหัว ออโรร่า,,,swe,8
P1,dark,dark,จุดหมาย,ซากหมู่บ้าน,,เงาเถ้า อัศวินเงา,,ทุ่งเถ้า ต้นไม้แห้ง หินดำ หมอกต่ำ,,,swe,8
Q1,dark,dark,จุดหมาย,ค่ายผู้พิทักษ์,,เงาเถ้า อัศวินเงา,,ทุ่งเถ้า ต้นไม้แห้ง หินดำ หมอกต่ำ,,,swe,8
R1,dark,dark,จุดหมาย,ซากหมู่บ้าน,,เงาเถ้า อัศวินเงา,,ทุ่งเถ้า ต้นไม้แห้ง หินดำ หมอกต่ำ,,,swe,8
S1,dark,dark,จุดหมาย,ซากหมู่บ้าน,,เงาเถ้า อัศวินเงา,,ทุ่งเถ้า ต้นไม้แห้ง หินดำ หมอกต่ำ,,,swe,10
T1,dark,dark,ทางผ่าน·มีมอน,ทางผ่าน·มีมอน,,เงาเถ้า อัศวินเงา,,ทุ่งเถ้า ต้นไม้แห้ง หินดำ หมอกต่ำ,,,sw,10
D2,light,water,ทางผ่าน·มีมอน,ทางผ่าน·มีมอน,กบบัว ปูน้อย,ปลิงเงา,,กอบัว ดงกก ท่าน้ำ หินริมน้ำ,,,se,6
E2,light,water,จุดหมาย,บึงจับกบ,กบบัว ปูน้อย,ปลิงเงา,,กอบัว ดงกก ท่าน้ำ หินริมน้ำ,,,swe,6
F2,light,mountain,ทางผ่าน·มีมอน,ทางผ่าน·มีมอน,ค้างคาวอเมทิสต์ โกเลมหินจิ๋ว แพะภูเขา,ค้างคาวเงา,,หน้าผา ก้อนหินใหญ่ สนภูเขา ทางชัน น้ำตกเล็ก,,,swe,6
G2,light,forest,ทางผ่าน·มีมอน,ทางผ่าน·มีมอน,เห็ดน้อย กระรอกลูกโอ๊ก นกฮูกโคม,หมาป่าเงา,,ต้นโอ๊ก ต้นสน พุ่มเบอร์รี่ เห็ด ขอนไม้ ลำธารเล็ก,,,swe,4
H2,light,meadow,ทางผ่าน·มีมอน,ทางผ่าน·มีมอน,สไลม์อเมทิสต์ กระต่ายใบไม้ ผึ้งดอกไม้,เงาหญ้า,,ทุ่งหญ้า ดอกไม้ป่า ก้อนหิน รั้วไม้ ทางดิน,,,swe,4
I2,light,meadow,จุดหมาย,หมู่บ้านเล็ก,สไลม์อเมทิสต์ กระต่ายใบไม้ ผึ้งดอกไม้,เงาหญ้า,กระท่อม 3–5 หลัง · เครื่องแปลงพลังงาน,ทุ่งหญ้า ดอกไม้ป่า ก้อนหิน รั้วไม้ ทางดิน,,,swe,4
J2,light,meadow,จุดหมาย,ค่ายพ่อค้าเร่,สไลม์อเมทิสต์ กระต่ายใบไม้,,,ทุ่งหญ้า ดอกไม้ป่า ก้อนหิน รั้วไม้ ทางดิน,,,swe,4
K2,light,meadow,จุดหมาย,ฟาร์มแกะ,สไลม์อเมทิสต์ กระต่ายใบไม้ ผึ้งดอกไม้,เงาหญ้า,,ทุ่งหญ้า ดอกไม้ป่า ก้อนหิน รั้วไม้ ทางดิน,,,swe,4
L2,light,water,ชมวิว,ริมน้ำพระอาทิตย์ตก,,,,กอบัว ดงกก ท่าน้ำ หินริมน้ำ,,,swe,4
M2,mystery,mystery,ชมวิว,สะพานเมฆ,,,,หมอกม่วงเงิน เกาะลอย น้ำตกกลับหัว ออโรร่า,,,swe,8
N2,mystery,mystery,จุดหมาย,เกาะลอยมีหีบ,วิญญาณดาว กวางแสง,เงาหมอก,,หมอกม่วงเงิน เกาะลอย น้ำตกกลับหัว ออโรร่า,,,nswe,8
O2,mystery,mystery,จุดหมาย,ศิลาจารึกผู้สร้าง,วิญญาณดาว กวางแสง,เงาหมอก,,หมอกม่วงเงิน เกาะลอย น้ำตกกลับหัว ออโรร่า,,,nswe,8
P2,dark,dark,จุดหมาย,ค่ายผู้พิทักษ์,,เงาเถ้า อัศวินเงา,,ทุ่งเถ้า ต้นไม้แห้ง หินดำ หมอกต่ำ,,,nswe,8
Q2,dark,dark,จุดหมาย,ซากหมู่บ้าน,,เงาเถ้า อัศวินเงา,,ทุ่งเถ้า ต้นไม้แห้ง หินดำ หมอกต่ำ,,,nswe,8
R2,dark,dark,จุดหมาย,ซากหมู่บ้าน,,เงาเถ้า อัศวินเงา,,ทุ่งเถ้า ต้นไม้แห้ง หินดำ หมอกต่ำ,,,nswe,8
S2,dark,dark,จุดหมาย,ซากหมู่บ้าน,,เงาเถ้า อัศวินเงา,,ทุ่งเถ้า ต้นไม้แห้ง หินดำ หมอกต่ำ,,,nswe,10
T2,dark,dark,จุดหมาย,ค่ายผู้พิทักษ์,,เงาเถ้า อัศวินเงา,,ทุ่งเถ้า ต้นไม้แห้ง หินดำ หมอกต่ำ,,,nsw,10
D3,light,snow,ชมวิว,หน้าผาออโรร่า,,,,กองหิมะ สนหิมะ น้ำแข็ง หินคริสตัลน้ำแข็ง,,,nse,6
E3,light,snow,จุดหมาย,กระท่อมนักเดินทาง,แมวน้ำหิมะ เพนกวินขนฟู,,,กองหิมะ สนหิมะ น้ำแข็ง หินคริสตัลน้ำแข็ง,ถ้ำน้ำแข็ง,,nswe,6
F3,light,snow,ชมวิว,หน้าผาออโรร่า,,,,กองหิมะ สนหิมะ น้ำแข็ง หินคริสตัลน้ำแข็ง,,,nswe,6
G3,light,water,ทางผ่าน·มีมอน,ทางผ่าน·มีมอน,กบบัว ปูน้อย,ปลิงเงา,,กอบัว ดงกก ท่าน้ำ หินริมน้ำ,,,nswe,4
H3,light,forest,จุดหมาย,ลานแคมป์·กองไฟ,เห็ดน้อย กระรอกลูกโอ๊ก นกฮูกโคม,หมาป่าเงา,,ต้นโอ๊ก ต้นสน พุ่มเบอร์รี่ เห็ด ขอนไม้ ลำธารเล็ก,,,nswe,4
I3,light,meadow,จุดหมาย,ฟาร์มแกะ,สไลม์อเมทิสต์ กระต่ายใบไม้,,,ทุ่งหญ้า ดอกไม้ป่า ก้อนหิน รั้วไม้ ทางดิน,,,nswe,4
J3,light,volcano,จุดหมาย,หมู่บ้านน้ำพุร้อน,,,ลานคริสตัลกลางเมือง + นักเวทประจำเมือง · ร้านอาวุธ/อุปกรณ์ · ร้านของใช้ · โรงเตี๊ยม · บ้านชาวบ้าน · บอร์ดภารกิจ,หินลาวาเย็น บ่อน้ำร้อน ไอน้ำ หินดำ,,✓,nswe,4
K3,light,volcano,จุดหมาย,เหมืองหินไฟ,ซาลาแมนเดอร์จิ๋ว ไก่ไฟ,,,หินลาวาเย็น บ่อน้ำร้อน ไอน้ำ หินดำ,,,nswe,4
L3,light,water,จุดหมาย,ท่าตกปลา,กบบัว ปูน้อย,ปลิงเงา,,กอบัว ดงกก ท่าน้ำ หินริมน้ำ,,,nswe,4
M3,mystery,mystery,ชมวิว,สะพานเมฆ,,,,หมอกม่วงเงิน เกาะลอย น้ำตกกลับหัว ออโรร่า,,,nswe,8
N3,mystery,mystery,ชมวิว,สะพานเมฆ,,,,หมอกม่วงเงิน เกาะลอย น้ำตกกลับหัว ออโรร่า,,,nswe,8
O3,mystery,mystery,จุดหมาย,ศิลาจารึกผู้สร้าง,วิญญาณดาว กวางแสง,เงาหมอก,,หมอกม่วงเงิน เกาะลอย น้ำตกกลับหัว ออโรร่า,,,nswe,8
P3,dark,dark,จุดหมาย,ค่ายผู้พิทักษ์,,เงาเถ้า อัศวินเงา,,ทุ่งเถ้า ต้นไม้แห้ง หินดำ หมอกต่ำ,,,nswe,8
Q3,dark,dark,ชมวิว,จุดชมดาวมืด,,,,ทุ่งเถ้า ต้นไม้แห้ง หินดำ หมอกต่ำ,,,nswe,8
R3,dark,dark,จุดหมาย,ค่ายผู้พิทักษ์,,เงาเถ้า อัศวินเงา,,ทุ่งเถ้า ต้นไม้แห้ง หินดำ หมอกต่ำ,,,nswe,8
S3,dark,dark,จุดหมาย,ซากหมู่บ้าน,,เงาเถ้า อัศวินเงา,,ทุ่งเถ้า ต้นไม้แห้ง หินดำ หมอกต่ำ,,,nswe,10
T3,dark,dark,จุดหมาย,ค่ายผู้พิทักษ์,,เงาเถ้า อัศวินเงา,,ทุ่งเถ้า ต้นไม้แห้ง หินดำ หมอกต่ำ,,,nsw,10
C4,light,meadow,จุดหมาย,ทุ่งดอกไม้·จับผีเสื้อ,สไลม์อเมทิสต์ กระต่ายใบไม้ ผึ้งดอกไม้,เงาหญ้า,,ทุ่งหญ้า ดอกไม้ป่า ก้อนหิน รั้วไม้ ทางดิน,,,se,6
D4,light,snow,จุดหมาย,กระท่อมนักเดินทาง,แมวน้ำหิมะ เพนกวินขนฟู,,,กองหิมะ สนหิมะ น้ำแข็ง หินคริสตัลน้ำแข็ง,,,nswe,6
E4,light,snow,จุดหมาย,หมู่บ้านหิมะ,,,ลานคริสตัลกลางเมือง + นักเวทประจำเมือง · ร้านอาวุธ/อุปกรณ์ · ร้านของใช้ · โรงเตี๊ยม · บ้านชาวบ้าน · บอร์ดภารกิจ,กองหิมะ สนหิมะ น้ำแข็ง หินคริสตัลน้ำแข็ง,,✓,nswe,6
F4,light,snow,จุดหมาย,บ่อน้ำแข็งตกปลา,แมวน้ำหิมะ เพนกวินขนฟู,,,กองหิมะ สนหิมะ น้ำแข็ง หินคริสตัลน้ำแข็ง,,,nswe,6
G4,light,snow,จุดหมาย,กระท่อมนักเดินทาง,แมวน้ำหิมะ เพนกวินขนฟู,หมาป่าน้ำแข็งเงา,,กองหิมะ สนหิมะ น้ำแข็ง หินคริสตัลน้ำแข็ง,,,nswe,6
H4,light,mountain,จุดหมาย,หอสมุดคริสตัล (ยอดเขา),ค้างคาวอเมทิสต์ โกเลมหินจิ๋ว แพะภูเขา,ค้างคาวเงา,,หน้าผา ก้อนหินใหญ่ สนภูเขา ทางชัน น้ำตกเล็ก,,,nswe,2
I4,light,meadow,จุดหมาย,บ่อตกปลา,สไลม์อเมทิสต์ กระต่ายใบไม้ ผึ้งดอกไม้,เงาหญ้า,,ทุ่งหญ้า ดอกไม้ป่า ก้อนหิน รั้วไม้ ทางดิน,,,nswe,4
J4,light,volcano,จุดหมาย,บ่อน้ำพุร้อน,ซาลาแมนเดอร์จิ๋ว ไก่ไฟ,,,หินลาวาเย็น บ่อน้ำร้อน ไอน้ำ หินดำ,ปล่องภูเขาไฟ,✓,nswe,4
K4,light,volcano,จุดหมาย,เหมืองหินไฟ,ซาลาแมนเดอร์จิ๋ว ไก่ไฟ,ก้อนลาวาเงา,,หินลาวาเย็น บ่อน้ำร้อน ไอน้ำ หินดำ,,,nswe,4
L4,light,water,จุดหมาย,บึงจับกบ,กบบัว ปูน้อย,ปลิงเงา,,กอบัว ดงกก ท่าน้ำ หินริมน้ำ,,,nswe,8
M4,mystery,mystery,จุดหมาย,ศิลาจารึกผู้สร้าง,วิญญาณดาว กวางแสง,เงาหมอก,,หมอกม่วงเงิน เกาะลอย น้ำตกกลับหัว ออโรร่า,วิหารลอยฟ้า,,nswe,8
N4,mystery,mystery,ชมวิว,สะพานเมฆ,,,,หมอกม่วงเงิน เกาะลอย น้ำตกกลับหัว ออโรร่า,,,nswe,8
O4,dark,dark,จุดหมาย,ค่ายผู้พิทักษ์,,เงาเถ้า,,ทุ่งเถ้า ต้นไม้แห้ง หินดำ หมอกต่ำ,,,nswe,8
P4,dark,thorn,จุดหมาย,ค่ายผู้พิทักษ์,,เถาหนามเงา หมาป่าเงาใหญ่,,ต้นหนามดำ เถาวัลย์ดำ,,,nswe,8
Q4,dark,thorn,ชมวิว,จุดชมดาวมืด,,,,ต้นหนามดำ เถาวัลย์ดำ,,,nswe,8
R4,dark,thorn,ชมวิว,จุดชมดาวมืด,,,,ต้นหนามดำ เถาวัลย์ดำ,,,nswe,8
S4,dark,dark,จุดหมาย,ซากหมู่บ้าน,,เงาเถ้า อัศวินเงา,,ทุ่งเถ้า ต้นไม้แห้ง หินดำ หมอกต่ำ,,,nswe,10
T4,dark,dark,จุดหมาย,ซากหมู่บ้าน,,เงาเถ้า อัศวินเงา,,ทุ่งเถ้า ต้นไม้แห้ง หินดำ หมอกต่ำ,,,nsw,10
C5,light,meadow,จุดหมาย,หมู่บ้านเล็ก,สไลม์อเมทิสต์ กระต่ายใบไม้ ผึ้งดอกไม้,เงาหญ้า,กระท่อม 3–5 หลัง · เครื่องแปลงพลังงาน,ทุ่งหญ้า ดอกไม้ป่า ก้อนหิน รั้วไม้ ทางดิน,,,nse,7
D5,light,snow,จุดหมาย,กระท่อมนักเดินทาง,แมวน้ำหิมะ เพนกวินขนฟู,หมาป่าน้ำแข็งเงา,,กองหิมะ สนหิมะ น้ำแข็ง หินคริสตัลน้ำแข็ง,,,nswe,6
E5,light,snow,จุดหมาย,กระท่อมนักเดินทาง,แมวน้ำหิมะ เพนกวินขนฟู,,,กองหิมะ สนหิมะ น้ำแข็ง หินคริสตัลน้ำแข็ง,,✓,nswe,6
F5,light,snow,จุดหมาย,กระท่อมนักเดินทาง,แมวน้ำหิมะ เพนกวินขนฟู,หมาป่าน้ำแข็งเงา,,กองหิมะ สนหิมะ น้ำแข็ง หินคริสตัลน้ำแข็ง,,,nswe,6
G5,light,mountain,จุดหมาย,เหมืองหินเล็ก·ขุดแร่,ค้างคาวอเมทิสต์ โกเลมหินจิ๋ว แพะภูเขา,ค้างคาวเงา,,หน้าผา ก้อนหินใหญ่ สนภูเขา ทางชัน น้ำตกเล็ก,,,nswe,2
H5,light,snow,จุดหมาย,ภูเขา · หน้าผา,แมวน้ำหิมะ เพนกวินขนฟู,หมาป่าน้ำแข็งเงา,,กองหิมะ สนหิมะ น้ำแข็ง หินคริสตัลน้ำแข็ง,ถ้ำหน้าผา → ทางขึ้นหอสมุด,✓,nswe,2
I5,light,snow,จุดหมาย,บ่อน้ำแข็งตกปลา,แมวน้ำหิมะ เพนกวินขนฟู,หมาป่าน้ำแข็งเงา,,กองหิมะ สนหิมะ น้ำแข็ง หินคริสตัลน้ำแข็ง,,,nswe,2
J5,light,volcano,จุดหมาย,บ่อน้ำพุร้อน,ซาลาแมนเดอร์จิ๋ว ไก่ไฟ,ก้อนลาวาเงา,,หินลาวาเย็น บ่อน้ำร้อน ไอน้ำ หินดำ,,✓,nswe,4
K5,light,meadow,จุดหมาย,สวนผลไม้·เก็บผล,สไลม์อเมทิสต์ กระต่ายใบไม้ ผึ้งดอกไม้,เงาหญ้า,,ทุ่งหญ้า ดอกไม้ป่า ก้อนหิน รั้วไม้ ทางดิน,,,nswe,8
L5,light,water,ชมวิว,เกาะลอยฟ้า,,,,กอบัว ดงกก ท่าน้ำ หินริมน้ำ,,,nswe,8
M5,mystery,mystery,จุดหมาย,เกาะลอยฟ้า,,,ลานคริสตัลกลางเมือง + นักเวทประจำเมือง · ร้านอาวุธ/อุปกรณ์ · ร้านของใช้ · โรงเตี๊ยม · บ้านชาวบ้าน · บอร์ดภารกิจ,หมอกม่วงเงิน เกาะลอย น้ำตกกลับหัว ออโรร่า,,✓,nswe,8
N5,mystery,mystery,จุดหมาย,เกาะลอยมีหีบ,วิญญาณดาว กวางแสง,เงาหมอก,,หมอกม่วงเงิน เกาะลอย น้ำตกกลับหัว ออโรร่า,,,nswe,8
O5,dark,dark,จุดหมาย,ค่ายผู้พิทักษ์,,เงาเถ้า,,ทุ่งเถ้า ต้นไม้แห้ง หินดำ หมอกต่ำ,,,nswe,8
P5,dark,thorn,จุดหมาย,ป่าหนามดำ,,เถาหนามเงา,,ต้นหนามดำ เถาวัลย์ดำ,,,nswe,8
Q5,dark,thorn,จุดหมาย,ค่ายผู้พิทักษ์,,เถาหนามเงา หมาป่าเงาใหญ่,,ต้นหนามดำ เถาวัลย์ดำ,,,nswe,8
R5,dark,thorn,ชมวิว,จุดชมดาวมืด,,,,ต้นหนามดำ เถาวัลย์ดำ,,,nswe,8
S5,dark,dark,จุดหมาย,ค่ายผู้พิทักษ์,,เงาเถ้า อัศวินเงา,,ทุ่งเถ้า ต้นไม้แห้ง หินดำ หมอกต่ำ,,,nswe,10
T5,dark,dark,จุดหมาย,ค่ายผู้พิทักษ์,,เงาเถ้า อัศวินเงา,,ทุ่งเถ้า ต้นไม้แห้ง หินดำ หมอกต่ำ,,,nsw,10
C6,light,meadow,จุดหมาย,ทุ่งดอกไม้·จับผีเสื้อ,สไลม์อเมทิสต์ กระต่ายใบไม้,,,ทุ่งหญ้า ดอกไม้ป่า ก้อนหิน รั้วไม้ ทางดิน,,,nse,7
D6,light,meadow,จุดหมาย,ค่ายพ่อค้าเร่,สไลม์อเมทิสต์ กระต่ายใบไม้ ผึ้งดอกไม้,เงาหญ้า,,ทุ่งหญ้า ดอกไม้ป่า ก้อนหิน รั้วไม้ ทางดิน,,,nswe,7
E6,light,meadow,จุดหมาย,บ่อตกปลา,สไลม์อเมทิสต์ กระต่ายใบไม้ ผึ้งดอกไม้,เงาหญ้า,,ทุ่งหญ้า ดอกไม้ป่า ก้อนหิน รั้วไม้ ทางดิน,,✓,nswe,6
F6,light,forest,จุดหมาย,บ้านคนตัดไม้,เห็ดน้อย กระรอกลูกโอ๊ก นกฮูกโคม,หมาป่าเงา,,ต้นโอ๊ก ต้นสน พุ่มเบอร์รี่ เห็ด ขอนไม้ ลำธารเล็ก,,,nswe,2
G6,light,meadow,จุดหมาย,บ่อตกปลา,สไลม์อเมทิสต์ กระต่ายใบไม้,,,ทุ่งหญ้า ดอกไม้ป่า ก้อนหิน รั้วไม้ ทางดิน,,,nswe,2
H6,light,meadow,จุดหมาย,ลานพระราชวัง,สไลม์อเมทิสต์ กระต่ายใบไม้,,กระท่อม 3–5 หลัง · เครื่องแปลงพลังงาน,ทุ่งหญ้า ดอกไม้ป่า ก้อนหิน รั้วไม้ ทางดิน,,✓,nswe,2
I6,light,forest,จุดหมาย,พุ่มเบอร์รี่·เก็บผล,เห็ดน้อย กระรอกลูกโอ๊ก นกฮูกโคม,หมาป่าเงา,,ต้นโอ๊ก ต้นสน พุ่มเบอร์รี่ เห็ด ขอนไม้ ลำธารเล็ก,,,nswe,2
J6,light,meadow,จุดหมาย,ค่ายพ่อค้าเร่,สไลม์อเมทิสต์ กระต่ายใบไม้ ผึ้งดอกไม้,เงาหญ้า,,ทุ่งหญ้า ดอกไม้ป่า ก้อนหิน รั้วไม้ ทางดิน,,✓,nswe,2
K6,light,water,จุดหมาย,ท่าตกปลา,กบบัว ปูน้อย,ปลิงเงา,,กอบัว ดงกก ท่าน้ำ หินริมน้ำ,,,nswe,8
L6,mystery,mystery,จุดหมาย,ศิลาจารึกผู้สร้าง,วิญญาณดาว กวางแสง,เงาหมอก,,หมอกม่วงเงิน เกาะลอย น้ำตกกลับหัว ออโรร่า,,,nswe,8
M6,mystery,mystery,จุดหมาย,ศิลาจารึกผู้สร้าง,วิญญาณดาว กวางแสง,เงาหมอก,,หมอกม่วงเงิน เกาะลอย น้ำตกกลับหัว ออโรร่า,,✓,nswe,8
N6,mystery,mystery,จุดหมาย,ศิลาจารึกผู้สร้าง,วิญญาณดาว กวางแสง,เงาหมอก,,หมอกม่วงเงิน เกาะลอย น้ำตกกลับหัว ออโรร่า,,,nswe,8
O6,dark,dark,จุดหมาย,ค่ายผู้พิทักษ์,,เงาเถ้า,,ทุ่งเถ้า ต้นไม้แห้ง หินดำ หมอกต่ำ,,,nswe,8
P6,dark,dark,จุดหมาย,ค่ายผู้พิทักษ์,,เงาเถ้า อัศวินเงา,,ทุ่งเถ้า ต้นไม้แห้ง หินดำ หมอกต่ำ,,,nswe,8
Q6,dark,thorn,จุดหมาย,ค่ายผู้พิทักษ์,,เถาหนามเงา หมาป่าเงาใหญ่,,ต้นหนามดำ เถาวัลย์ดำ,,,nswe,8
R6,dark,dark,จุดหมาย,ซากหมู่บ้าน,,เงาเถ้า อัศวินเงา,,ทุ่งเถ้า ต้นไม้แห้ง หินดำ หมอกต่ำ,,,nswe,10
S6,dark,dark,จุดหมาย,ค่ายผู้พิทักษ์,,เงาเถ้า อัศวินเงา,,ทุ่งเถ้า ต้นไม้แห้ง หินดำ หมอกต่ำ,,,nswe,10
T6,dark,dark,จุดหมาย,ค่ายผู้พิทักษ์,,เงาเถ้า อัศวินเงา,,ทุ่งเถ้า ต้นไม้แห้ง หินดำ หมอกต่ำ,,,nsw,10
C7,light,plateau,จุดหมาย,เมืองกลไก,,,ลานคริสตัลกลางเมือง + นักเวทประจำเมือง · ร้านอาวุธ/อุปกรณ์ · ร้านของใช้ · โรงเตี๊ยม · บ้านชาวบ้าน · บอร์ดภารกิจ,ที่ราบหิน เฟืองโบราณ ท่อทองเหลือง,,✓,nse,7
D7,light,plateau,จุดหมาย,ซากเครื่องจักร·ขุดเฟือง,หุ่นเฟืองน้อย นกทองเหลือง,,,ที่ราบหิน เฟืองโบราณ ท่อทองเหลือง,,✓,nswe,7
E7,light,forest,จุดหมาย,ซากศาลโคม,เห็ดน้อย กระรอกลูกโอ๊ก นกฮูกโคม,หมาป่าเงา,,ต้นโอ๊ก ต้นสน พุ่มเบอร์รี่ เห็ด ขอนไม้ ลำธารเล็ก,,✓,nswe,2
F7,light,meadow,จุดหมาย,ฟาร์มแกะ,สไลม์อเมทิสต์ กระต่ายใบไม้,,,ทุ่งหญ้า ดอกไม้ป่า ก้อนหิน รั้วไม้ ทางดิน,,✓,nswe,2
G7,light,meadow,จุดหมาย,Lantern Academy,,,ลานคริสตัลกลางเมือง + นักเวทประจำเมือง · ร้านอาวุธ/อุปกรณ์ · ร้านของใช้ · โรงเตี๊ยม · บ้านชาวบ้าน · บอร์ดภารกิจ · ห้องเรียน · หอสมุด · สนามฝึก,ทุ่งหญ้า ดอกไม้ป่า ก้อนหิน รั้วไม้ ทางดิน,,✓,nswe,2
H7,light,meadow,จุดหมาย,นครประทีป,,,ลานคริสตัลกลางเมือง + นักเวทประจำเมือง · ร้านอาวุธ/อุปกรณ์ · ร้านของใช้ · โรงเตี๊ยม · บ้านชาวบ้าน · บอร์ดภารกิจ · ปราสาท/ลานพระราชวัง · ตลาดใหญ่ · สมาคมอาชีพ (เปลี่ยนอาชีพ),ทุ่งหญ้า ดอกไม้ป่า ก้อนหิน รั้วไม้ ทางดิน,,✓,nswe,2
I7,light,meadow,จุดหมาย,หมู่บ้านเล็ก,สไลม์อเมทิสต์ กระต่ายใบไม้,,กระท่อม 3–5 หลัง · เครื่องแปลงพลังงาน,ทุ่งหญ้า ดอกไม้ป่า ก้อนหิน รั้วไม้ ทางดิน,,✓,nswe,2
J7,light,forest,จุดหมาย,วงเห็ดนางฟ้า·ความลับ,เห็ดน้อย กระรอกลูกโอ๊ก นกฮูกโคม,หมาป่าเงา,,ต้นโอ๊ก ต้นสน พุ่มเบอร์รี่ เห็ด ขอนไม้ ลำธารเล็ก,,✓,nswe,2
K7,light,meadow,จุดหมาย,ฟาร์มแกะ,สไลม์อเมทิสต์ กระต่ายใบไม้ ผึ้งดอกไม้,เงาหญ้า,,ทุ่งหญ้า ดอกไม้ป่า ก้อนหิน รั้วไม้ ทางดิน,,,nswe,2
L7,mystery,mystery,จุดหมาย,เกาะลอยมีหีบ,วิญญาณดาว กวางแสง,เงาหมอก,,หมอกม่วงเงิน เกาะลอย น้ำตกกลับหัว ออโรร่า,,,nswe,8
M7,mystery,mystery,จุดหมาย,เกาะลอยมีหีบ,วิญญาณดาว กวางแสง,เงาหมอก,,หมอกม่วงเงิน เกาะลอย น้ำตกกลับหัว ออโรร่า,,✓,nswe,8
N7,mystery,mystery,จุดหมาย,เกาะลอยมีหีบ,วิญญาณดาว กวางแสง,เงาหมอก,,หมอกม่วงเงิน เกาะลอย น้ำตกกลับหัว ออโรร่า,,,nswe,8
O7,dark,dark,จุดหมาย,ค่ายผู้พิทักษ์,,เงาเถ้า อัศวินเงา,,ทุ่งเถ้า ต้นไม้แห้ง หินดำ หมอกต่ำ,,,nswe,10
P7,dark,dark,จุดหมาย,ซากหมู่บ้าน,,เงาเถ้า อัศวินเงา,,ทุ่งเถ้า ต้นไม้แห้ง หินดำ หมอกต่ำ,,,nswe,10
Q7,dark,dark,จุดหมาย,ค่ายผู้พิทักษ์,,เงาเถ้า อัศวินเงา,,ทุ่งเถ้า ต้นไม้แห้ง หินดำ หมอกต่ำ,,,nswe,10
R7,dark,dark,จุดหมาย,ค่ายผู้พิทักษ์,,เงาเถ้า อัศวินเงา,,ทุ่งเถ้า ต้นไม้แห้ง หินดำ หมอกต่ำ,,,nswe,10
S7,dark,dark,จุดหมาย,ซากหมู่บ้าน,,เงาเถ้า อัศวินเงา,,ทุ่งเถ้า ต้นไม้แห้ง หินดำ หมอกต่ำ,,,nswe,10
T7,dark,dark,จุดหมาย,ซากหมู่บ้าน,,เงาเถ้า อัศวินเงา,,ทุ่งเถ้า ต้นไม้แห้ง หินดำ หมอกต่ำ,,,nsw,10
C8,light,plateau,จุดหมาย,ซากเครื่องจักร·ขุดเฟือง,หุ่นเฟืองน้อย นกทองเหลือง,,,ที่ราบหิน เฟืองโบราณ ท่อทองเหลือง,โรงงานเฟือง,,nse,7
D8,light,plateau,จุดหมาย,ซากเครื่องจักร·ขุดเฟือง,หุ่นเฟืองน้อย นกทองเหลือง,หุ่นเฟืองเงา,,ที่ราบหิน เฟืองโบราณ ท่อทองเหลือง,,,nswe,7
E8,light,forest,จุดหมาย,ซากศาลโคม,เห็ดน้อย กระรอกลูกโอ๊ก นกฮูกโคม,หมาป่าเงา,,ต้นโอ๊ก ต้นสน พุ่มเบอร์รี่ เห็ด ขอนไม้ ลำธารเล็ก,,,nswe,2
F8,light,forest,จุดหมาย,ลานแคมป์·กองไฟ,เห็ดน้อย กระรอกลูกโอ๊ก นกฮูกโคม,หมาป่าเงา,,ต้นโอ๊ก ต้นสน พุ่มเบอร์รี่ เห็ด ขอนไม้ ลำธารเล็ก,,,nswe,2
G8,light,meadow,จุดหมาย,ทุ่งดอกไม้·จับผีเสื้อ,สไลม์อเมทิสต์ กระต่ายใบไม้,,,ทุ่งหญ้า ดอกไม้ป่า ก้อนหิน รั้วไม้ ทางดิน,,,nswe,2
H8,light,meadow,จุดหมาย,ทางเชื่อม·ทุ่งนา,สไลม์อเมทิสต์ กระต่ายใบไม้,,กระท่อม 3–5 หลัง · เครื่องแปลงพลังงาน,ทุ่งหญ้า ดอกไม้ป่า ก้อนหิน รั้วไม้ ทางดิน,,✓,nswe,1
I8,light,meadow,จุดหมาย,หมู่บ้านเล็ก,สไลม์อเมทิสต์ กระต่ายใบไม้ ผึ้งดอกไม้,เงาหญ้า,กระท่อม 3–5 หลัง · เครื่องแปลงพลังงาน,ทุ่งหญ้า ดอกไม้ป่า ก้อนหิน รั้วไม้ ทางดิน,,,nswe,1
J8,light,water,จุดหมาย,ท่าตกปลา,กบบัว ปูน้อย,,,กอบัว ดงกก ท่าน้ำ หินริมน้ำ,,,nswe,2
K8,light,water,จุดหมาย,บึงจับกบ,กบบัว ปูน้อย,ปลิงเงา,,กอบัว ดงกก ท่าน้ำ หินริมน้ำ,,,nswe,2
L8,mystery,mystery,จุดหมาย,ต้นไม้โบราณ,วิญญาณดาว กวางแสง,เงาหมอก,,หมอกม่วงเงิน เกาะลอย น้ำตกกลับหัว ออโรร่า,,,nswe,9
M8,mystery,mystery,จุดหมาย,ศิลาจารึกผู้สร้าง,วิญญาณดาว กวางแสง,เงาหมอก,,หมอกม่วงเงิน เกาะลอย น้ำตกกลับหัว ออโรร่า,,✓,nswe,9
N8,mystery,mystery,จุดหมาย,เกาะลอยมีหีบ,วิญญาณดาว กวางแสง,เงาหมอก,,หมอกม่วงเงิน เกาะลอย น้ำตกกลับหัว ออโรร่า,,,nswe,9
O8,mystery,mystery,จุดหมาย,ศิลาจารึกผู้สร้าง,วิญญาณดาว กวางแสง,เงาหมอก,,หมอกม่วงเงิน เกาะลอย น้ำตกกลับหัว ออโรร่า,,,nswe,10
P8,dark,dark,จุดหมาย,เหมืองแสงร้าง,,เงาเถ้า อัศวินเงา,,ทุ่งเถ้า ต้นไม้แห้ง หินดำ หมอกต่ำ,เหมืองแสงร้าง,,nswe,10
Q8,dark,dark,จุดหมาย,ซากหมู่บ้าน,,เงาเถ้า อัศวินเงา,,ทุ่งเถ้า ต้นไม้แห้ง หินดำ หมอกต่ำ,,,nswe,10
R8,dark,dark,จุดหมาย,ซากหมู่บ้าน,,เงาเถ้า อัศวินเงา,,ทุ่งเถ้า ต้นไม้แห้ง หินดำ หมอกต่ำ,,,nswe,10
S8,dark,dark,จุดหมาย,ซากหมู่บ้าน,,เงาเถ้า อัศวินเงา,,ทุ่งเถ้า ต้นไม้แห้ง หินดำ หมอกต่ำ,,,nswe,10
T8,dark,dark,จุดหมาย,ซากหมู่บ้าน,,เงาเถ้า อัศวินเงา,,ทุ่งเถ้า ต้นไม้แห้ง หินดำ หมอกต่ำ,,,nsw,10
C9,light,plateau,จุดหมาย,ซากเครื่องจักร·ขุดเฟือง,หุ่นเฟืองน้อย นกทองเหลือง,หุ่นเฟืองเงา,,ที่ราบหิน เฟืองโบราณ ท่อทองเหลือง,,,nse,7
D9,light,plateau,จุดหมาย,ซากเครื่องจักร·ขุดเฟือง,หุ่นเฟืองน้อย นกทองเหลือง,หุ่นเฟืองเงา,,ที่ราบหิน เฟืองโบราณ ท่อทองเหลือง,,✓,nswe,5
E9,light,forest,จุดหมาย,บ้านคนตัดไม้,เห็ดน้อย กระรอกลูกโอ๊ก นกฮูกโคม,หมาป่าเงา,,ต้นโอ๊ก ต้นสน พุ่มเบอร์รี่ เห็ด ขอนไม้ ลำธารเล็ก,,✓,nswe,1
F9,light,meadow,จุดหมาย,ทุ่งดอกไม้·จับผีเสื้อ,สไลม์อเมทิสต์ กระต่ายใบไม้ ผึ้งดอกไม้,เงาหญ้า,,ทุ่งหญ้า ดอกไม้ป่า ก้อนหิน รั้วไม้ ทางดิน,,✓,nswe,1
G9,light,forest,จุดหมาย,บ้านเรา · ฟาร์ม,เห็ดน้อย กระรอกลูกโอ๊ก,,บ้านเรา (ขยายได้ 9 ขั้น) · โรงเก็บของ · บ้านเพื่อนมอน,ต้นโอ๊ก ต้นสน พุ่มเบอร์รี่ เห็ด ขอนไม้ ลำธารเล็ก,,✓,nswe,1
H9,light,meadow,จุดหมาย,หมู่บ้านพาเพลิน,,,ลานคริสตัลกลางเมือง + นักเวทประจำเมือง · ร้านอาวุธ/อุปกรณ์ · ร้านของใช้ · โรงเตี๊ยม · บ้านชาวบ้าน · บอร์ดภารกิจ · ไปรษณีย์ · ร้านยายนวล,ทุ่งหญ้า ดอกไม้ป่า ก้อนหิน รั้วไม้ ทางดิน,ถ้ำอเมทิสต์ (เนินในหมู่บ้าน),✓,nswe,1
I9,light,mushroom,จุดหมาย,บ้านต้นเห็ด,เห็ดเรืองแสง ผีเสื้อสปอร์,,,เห็ดยักษ์เรืองแสง เถาวัลย์ สปอร์ลอย,,✓,nswe,1
J9,light,mushroom,จุดหมาย,หมู่บ้านเห็ด,,,ลานคริสตัลกลางเมือง + นักเวทประจำเมือง · ร้านอาวุธ/อุปกรณ์ · ร้านของใช้ · โรงเตี๊ยม · บ้านชาวบ้าน · บอร์ดภารกิจ,เห็ดยักษ์เรืองแสง เถาวัลย์ สปอร์ลอย,,✓,nswe,2
K9,light,mushroom,ชมวิว,สระสะท้อนเห็ดเรืองแสง,,,,เห็ดยักษ์เรืองแสง เถาวัลย์ สปอร์ลอย,,✓,nswe,2
L9,mystery,mystery,จุดหมาย,เกาะลอยมีหีบ,วิญญาณดาว กวางแสง,เงาหมอก,,หมอกม่วงเงิน เกาะลอย น้ำตกกลับหัว ออโรร่า,,✓,nswe,9
M9,light,water,จุดหมาย,วิหารต้นไม้โบราณ,,,ลานคริสตัลกลางเมือง + นักเวทประจำเมือง · ร้านอาวุธ/อุปกรณ์ · ร้านของใช้ · โรงเตี๊ยม · บ้านชาวบ้าน · บอร์ดภารกิจ,กอบัว ดงกก ท่าน้ำ หินริมน้ำ,,✓,nswe,9
N9,mystery,mystery,จุดหมาย,ศิลาจารึกผู้สร้าง,วิญญาณดาว กวางแสง,เงาหมอก,,หมอกม่วงเงิน เกาะลอย น้ำตกกลับหัว ออโรร่า,,✓,nswe,9
O9,mystery,mystery,จุดหมาย,ศิลาจารึกผู้สร้าง,วิญญาณดาว กวางแสง,เงาหมอก,,หมอกม่วงเงิน เกาะลอย น้ำตกกลับหัว ออโรร่า,,✓,nswe,10
P9,dark,dark,จุดหมาย,ซากหมู่บ้าน,,เงาเถ้า,,ทุ่งเถ้า ต้นไม้แห้ง หินดำ หมอกต่ำ,,,nswe,10
Q9,dark,dark,จุดหมาย,ค่ายผู้พิทักษ์,,เงาเถ้า อัศวินเงา,,ทุ่งเถ้า ต้นไม้แห้ง หินดำ หมอกต่ำ,,,nswe,10
R9,dark,dark,จุดหมาย,ซากหมู่บ้าน,,เงาเถ้า อัศวินเงา,,ทุ่งเถ้า ต้นไม้แห้ง หินดำ หมอกต่ำ,,,nswe,10
S9,dark,dark,จุดหมาย,ซากหมู่บ้าน,,เงาเถ้า อัศวินเงา,,ทุ่งเถ้า ต้นไม้แห้ง หินดำ หมอกต่ำ,,,nswe,10
T9,dark,dark,จุดหมาย,ค่ายผู้พิทักษ์,,เงาเถ้า อัศวินเงา,,ทุ่งเถ้า ต้นไม้แห้ง หินดำ หมอกต่ำ,,,nsw,10
C10,light,meadow,จุดหมาย,หมู่บ้านเล็ก,สไลม์อเมทิสต์ กระต่ายใบไม้ ผึ้งดอกไม้,เงาหญ้า,กระท่อม 3–5 หลัง · เครื่องแปลงพลังงาน,ทุ่งหญ้า ดอกไม้ป่า ก้อนหิน รั้วไม้ ทางดิน,,,nse,5
D10,light,meadow,จุดหมาย,บ่อตกปลา,สไลม์อเมทิสต์ กระต่ายใบไม้ ผึ้งดอกไม้,เงาหญ้า,,ทุ่งหญ้า ดอกไม้ป่า ก้อนหิน รั้วไม้ ทางดิน,,✓,nswe,5
E10,light,meadow,ทางผ่าน·มีมอน,ทางผ่าน·มีมอน,สไลม์อเมทิสต์ กระต่ายใบไม้ ผึ้งดอกไม้,เงาหญ้า,,ทุ่งหญ้า ดอกไม้ป่า ก้อนหิน รั้วไม้ ทางดิน,,,nswe,5
F10,light,meadow,จุดหมาย,สวนผลไม้·เก็บผล,สไลม์อเมทิสต์ กระต่ายใบไม้ ผึ้งดอกไม้,เงาหญ้า,,ทุ่งหญ้า ดอกไม้ป่า ก้อนหิน รั้วไม้ ทางดิน,,✓,nswe,1
G10,light,forest,จุดหมาย,ลานแคมป์·กองไฟ,เห็ดน้อย กระรอกลูกโอ๊ก นกฮูกโคม,หมาป่าเงา,,ต้นโอ๊ก ต้นสน พุ่มเบอร์รี่ เห็ด ขอนไม้ ลำธารเล็ก,,,nswe,1
H10,light,meadow,จุดหมาย,ป่า·ทางเดิน,สไลม์อเมทิสต์ กระต่ายใบไม้,,,ทุ่งหญ้า ดอกไม้ป่า ก้อนหิน รั้วไม้ ทางดิน,,,nswe,1
I10,light,mushroom,จุดหมาย,บ้านต้นเห็ด,เห็ดเรืองแสง ผีเสื้อสปอร์,ราดำ,,เห็ดยักษ์เรืองแสง เถาวัลย์ สปอร์ลอย,,,nswe,1
J10,light,mushroom,จุดหมาย,บ้านต้นเห็ด,เห็ดเรืองแสง ผีเสื้อสปอร์,,,เห็ดยักษ์เรืองแสง เถาวัลย์ สปอร์ลอย,ถ้ำรากเห็ด,,nswe,2
K10,light,mushroom,ชมวิว,สระสะท้อนเห็ดเรืองแสง,,,,เห็ดยักษ์เรืองแสง เถาวัลย์ สปอร์ลอย,,,nswe,2
L10,mystery,mystery,จุดหมาย,เกาะลอยมีหีบ,วิญญาณดาว กวางแสง,เงาหมอก,,หมอกม่วงเงิน เกาะลอย น้ำตกกลับหัว ออโรร่า,,,nswe,9
M10,mystery,mystery,จุดหมาย,เกาะลอยมีหีบ,วิญญาณดาว กวางแสง,เงาหมอก,,หมอกม่วงเงิน เกาะลอย น้ำตกกลับหัว ออโรร่า,รากต้นไม้โบราณ,,nswe,9
N10,mystery,mystery,จุดหมาย,เกาะลอยมีหีบ,วิญญาณดาว กวางแสง,เงาหมอก,,หมอกม่วงเงิน เกาะลอย น้ำตกกลับหัว ออโรร่า,,,nswe,10
O10,mystery,mystery,จุดหมาย,ป้อมตะเกียงสุดท้าย,,,ลานคริสตัลกลางเมือง + นักเวทประจำเมือง · ร้านอาวุธ/อุปกรณ์ · ร้านของใช้ · โรงเตี๊ยม · บ้านชาวบ้าน · บอร์ดภารกิจ,หมอกม่วงเงิน เกาะลอย น้ำตกกลับหัว ออโรร่า,,✓,nswe,10
P10,dark,dark,จุดหมาย,ค่ายผู้พิทักษ์,,เงาเถ้า อัศวินเงา,,ทุ่งเถ้า ต้นไม้แห้ง หินดำ หมอกต่ำ,,✓,nswe,10
Q10,dark,dark,จุดหมาย,ซากหมู่บ้าน,,เงาเถ้า อัศวินเงา,,ทุ่งเถ้า ต้นไม้แห้ง หินดำ หมอกต่ำ,,✓,nswe,10
R10,dark,dark,จุดหมาย,ซากหมู่บ้าน,,เงาเถ้า อัศวินเงา,,ทุ่งเถ้า ต้นไม้แห้ง หินดำ หมอกต่ำ,,✓,nswe,10
S10,dark,dark,จุดหมาย,หอคอยผู้กลืนแสง,,,ลานคริสตัลกลางเมือง + นักเวทประจำเมือง · ร้านอาวุธ/อุปกรณ์ · ร้านของใช้ · โรงเตี๊ยม · บ้านชาวบ้าน · บอร์ดภารกิจ,ทุ่งเถ้า ต้นไม้แห้ง หินดำ หมอกต่ำ,,✓,nswe,10
T10,dark,dark,จุดหมาย,ค่ายผู้พิทักษ์,,เงาเถ้า อัศวินเงา,,ทุ่งเถ้า ต้นไม้แห้ง หินดำ หมอกต่ำ,,,nsw,10
C11,light,meadow,จุดหมาย,ฟาร์มแกะ,สไลม์อเมทิสต์ กระต่ายใบไม้ ผึ้งดอกไม้,เงาหญ้า,,ทุ่งหญ้า ดอกไม้ป่า ก้อนหิน รั้วไม้ ทางดิน,,,nse,5
D11,light,meadow,จุดหมาย,หมู่บ้านเล็ก,สไลม์อเมทิสต์ กระต่ายใบไม้,,กระท่อม 3–5 หลัง · เครื่องแปลงพลังงาน,ทุ่งหญ้า ดอกไม้ป่า ก้อนหิน รั้วไม้ ทางดิน,,✓,nswe,5
E11,light,desert,จุดหมาย,กองคาราวาน,กิ้งก่าทราย แมงป่องจิ๋ว,งูเงาทราย,,เนินทราย กระบองเพชร ซากเสาหิน ต้นปาล์ม,,,nswe,5
F11,light,desert,จุดหมาย,กองคาราวาน,กิ้งก่าทราย แมงป่องจิ๋ว,งูเงาทราย,,เนินทราย กระบองเพชร ซากเสาหิน ต้นปาล์ม,,✓,nswe,5
G11,light,meadow,ทางผ่าน·มีมอน,ทางผ่าน·มีมอน,สไลม์อเมทิสต์ กระต่ายใบไม้ ผึ้งดอกไม้,เงาหญ้า,,ทุ่งหญ้า ดอกไม้ป่า ก้อนหิน รั้วไม้ ทางดิน,,,nswe,1
H11,light,forest,จุดหมาย,สระบัว·ตกปลา,เห็ดน้อย กระรอกลูกโอ๊ก นกฮูกโคม,หมาป่าเงา,,ต้นโอ๊ก ต้นสน พุ่มเบอร์รี่ เห็ด ขอนไม้ ลำธารเล็ก,,,nswe,1
I11,light,mushroom,ทางผ่าน·มีมอน,ทางผ่าน·มีมอน,เห็ดเรืองแสง ผีเสื้อสปอร์,ราดำ,,เห็ดยักษ์เรืองแสง เถาวัลย์ สปอร์ลอย,,,nswe,1
J11,light,mushroom,ชมวิว,สระสะท้อนเห็ดเรืองแสง,,,,เห็ดยักษ์เรืองแสง เถาวัลย์ สปอร์ลอย,,,nswe,2
K11,light,mushroom,ชมวิว,สระสะท้อนเห็ดเรืองแสง,,,,เห็ดยักษ์เรืองแสง เถาวัลย์ สปอร์ลอย,,,nswe,2
L11,mystery,mystery,จุดหมาย,ศิลาจารึกผู้สร้าง,วิญญาณดาว กวางแสง,เงาหมอก,,หมอกม่วงเงิน เกาะลอย น้ำตกกลับหัว ออโรร่า,,,nswe,9
M11,mystery,mystery,จุดหมาย,เกาะลอยมีหีบ,วิญญาณดาว กวางแสง,เงาหมอก,,หมอกม่วงเงิน เกาะลอย น้ำตกกลับหัว ออโรร่า,,,nswe,9
N11,mystery,mystery,จุดหมาย,เกาะลอยมีหีบ,วิญญาณดาว กวางแสง,เงาหมอก,,หมอกม่วงเงิน เกาะลอย น้ำตกกลับหัว ออโรร่า,,,nswe,10
O11,mystery,mystery,จุดหมาย,ศิลาจารึกผู้สร้าง,วิญญาณดาว กวางแสง,เงาหมอก,,หมอกม่วงเงิน เกาะลอย น้ำตกกลับหัว ออโรร่า,,,nswe,10
P11,dark,dark,จุดหมาย,ค่ายผู้พิทักษ์,,เงาเถ้า อัศวินเงา,,ทุ่งเถ้า ต้นไม้แห้ง หินดำ หมอกต่ำ,,,nswe,10
Q11,dark,dark,จุดหมาย,ซากหมู่บ้าน,,เงาเถ้า อัศวินเงา,,ทุ่งเถ้า ต้นไม้แห้ง หินดำ หมอกต่ำ,,,nswe,10
R11,dark,dark,จุดหมาย,ค่ายผู้พิทักษ์,,เงาเถ้า อัศวินเงา,,ทุ่งเถ้า ต้นไม้แห้ง หินดำ หมอกต่ำ,,,nswe,10
S11,dark,dark,จุดหมาย,ซากหมู่บ้าน,,เงาเถ้า อัศวินเงา,,ทุ่งเถ้า ต้นไม้แห้ง หินดำ หมอกต่ำ,ใต้หอคอย,,nswe,10
T11,dark,dark,จุดหมาย,ซากหมู่บ้าน,,เงาเถ้า อัศวินเงา,,ทุ่งเถ้า ต้นไม้แห้ง หินดำ หมอกต่ำ,,,nsw,10
C12,light,desert,จุดหมาย,ซากเมืองเก่า·ขุด,กิ้งก่าทราย แมงป่องจิ๋ว,,,เนินทราย กระบองเพชร ซากเสาหิน ต้นปาล์ม,,,nse,5
D12,light,desert,จุดหมาย,เมืองพีระมิด,,,ลานคริสตัลกลางเมือง + นักเวทประจำเมือง · ร้านอาวุธ/อุปกรณ์ · ร้านของใช้ · โรงเตี๊ยม · บ้านชาวบ้าน · บอร์ดภารกิจ,เนินทราย กระบองเพชร ซากเสาหิน ต้นปาล์ม,,✓,nswe,5
E12,light,desert,จุดหมาย,กองคาราวาน,กิ้งก่าทราย แมงป่องจิ๋ว,,,เนินทราย กระบองเพชร ซากเสาหิน ต้นปาล์ม,,,nswe,5
F12,light,desert,จุดหมาย,กองคาราวาน,กิ้งก่าทราย แมงป่องจิ๋ว,งูเงาทราย,,เนินทราย กระบองเพชร ซากเสาหิน ต้นปาล์ม,,✓,nswe,5
G12,light,meadow,ทางผ่าน·มีมอน,ทางผ่าน·มีมอน,สไลม์อเมทิสต์ กระต่ายใบไม้ ผึ้งดอกไม้,เงาหญ้า,,ทุ่งหญ้า ดอกไม้ป่า ก้อนหิน รั้วไม้ ทางดิน,,,nswe,5
H12,light,water,จุดหมาย,บึงจับกบ,กบบัว ปูน้อย,ปลิงเงา,,กอบัว ดงกก ท่าน้ำ หินริมน้ำ,,,nswe,1
I12,light,mushroom,ทางผ่าน·มีมอน,ทางผ่าน·มีมอน,เห็ดเรืองแสง ผีเสื้อสปอร์,ราดำ,,เห็ดยักษ์เรืองแสง เถาวัลย์ สปอร์ลอย,,,nswe,1
J12,light,mushroom,ทางผ่าน·มีมอน,ทางผ่าน·มีมอน,เห็ดเรืองแสง ผีเสื้อสปอร์,ราดำ,,เห็ดยักษ์เรืองแสง เถาวัลย์ สปอร์ลอย,,,nswe,2
K12,light,mushroom,ทางผ่าน·มีมอน,ทางผ่าน·มีมอน,เห็ดเรืองแสง ผีเสื้อสปอร์,ราดำ,,เห็ดยักษ์เรืองแสง เถาวัลย์ สปอร์ลอย,,,nswe,2
L12,mystery,mystery,จุดหมาย,ศิลาจารึกผู้สร้าง,วิญญาณดาว กวางแสง,เงาหมอก,,หมอกม่วงเงิน เกาะลอย น้ำตกกลับหัว ออโรร่า,,,nswe,9
M12,mystery,mystery,จุดหมาย,ศิลาจารึกผู้สร้าง,วิญญาณดาว กวางแสง,เงาหมอก,,หมอกม่วงเงิน เกาะลอย น้ำตกกลับหัว ออโรร่า,,,nswe,9
N12,mystery,mystery,จุดหมาย,ศิลาจารึกผู้สร้าง,วิญญาณดาว กวางแสง,เงาหมอก,,หมอกม่วงเงิน เกาะลอย น้ำตกกลับหัว ออโรร่า,,,nswe,10
O12,mystery,mystery,จุดหมาย,ศิลาจารึกผู้สร้าง,วิญญาณดาว กวางแสง,เงาหมอก,,หมอกม่วงเงิน เกาะลอย น้ำตกกลับหัว ออโรร่า,,,nswe,10
P12,dark,dark,จุดหมาย,ซากหมู่บ้าน,,เงาเถ้า อัศวินเงา,,ทุ่งเถ้า ต้นไม้แห้ง หินดำ หมอกต่ำ,,,nswe,10
Q12,dark,mirror,ชมวิว,ทะเลสาบกระจก,,,,น้ำนิ่งสีดำ หินเงา,,,nswe,10
R12,dark,mirror,ชมวิว,ทะเลสาบกระจก,,,,น้ำนิ่งสีดำ หินเงา,,,nswe,10
S12,dark,dark,จุดหมาย,ซากหมู่บ้าน,,เงาเถ้า อัศวินเงา,,ทุ่งเถ้า ต้นไม้แห้ง หินดำ หมอกต่ำ,,,nswe,10
T12,dark,dark,ทางผ่าน·มีมอน,ทางผ่าน·มีมอน,,เงาเถ้า อัศวินเงา,,ทุ่งเถ้า ต้นไม้แห้ง หินดำ หมอกต่ำ,,,nsw,10
C13,light,desert,จุดหมาย,ซากเมืองเก่า·ขุด,กิ้งก่าทราย แมงป่องจิ๋ว,งูเงาทราย,,เนินทราย กระบองเพชร ซากเสาหิน ต้นปาล์ม,,,nse,5
D13,light,desert,จุดหมาย,โอเอซิส,กิ้งก่าทราย แมงป่องจิ๋ว,,,เนินทราย กระบองเพชร ซากเสาหิน ต้นปาล์ม,พีระมิดใต้ทราย,,nswe,5
E13,light,desert,จุดหมาย,โอเอซิส,กิ้งก่าทราย แมงป่องจิ๋ว,งูเงาทราย,,เนินทราย กระบองเพชร ซากเสาหิน ต้นปาล์ม,,,nswe,5
F13,light,desert,จุดหมาย,กองคาราวาน,กิ้งก่าทราย แมงป่องจิ๋ว,งูเงาทราย,,เนินทราย กระบองเพชร ซากเสาหิน ต้นปาล์ม,,✓,nswe,5
G13,light,desert,ทางผ่าน·มีมอน,ทางผ่าน·มีมอน,กิ้งก่าทราย แมงป่องจิ๋ว,งูเงาทราย,,เนินทราย กระบองเพชร ซากเสาหิน ต้นปาล์ม,,,nswe,5
H13,light,water,ชมวิว,ริมน้ำพระอาทิตย์ตก,,,,กอบัว ดงกก ท่าน้ำ หินริมน้ำ,,,nswe,1
I13,light,meadow,ทางผ่าน·มีมอน,ทางผ่าน·มีมอน,สไลม์อเมทิสต์ กระต่ายใบไม้ ผึ้งดอกไม้,เงาหญ้า,,ทุ่งหญ้า ดอกไม้ป่า ก้อนหิน รั้วไม้ ทางดิน,,,nswe,1
J13,light,mushroom,ทางผ่าน·มีมอน,ทางผ่าน·มีมอน,เห็ดเรืองแสง ผีเสื้อสปอร์,ราดำ,,เห็ดยักษ์เรืองแสง เถาวัลย์ สปอร์ลอย,,,nswe,2
K13,light,meadow,ทางผ่าน·มีมอน,ทางผ่าน·มีมอน,สไลม์อเมทิสต์ กระต่ายใบไม้ ผึ้งดอกไม้,เงาหญ้า,,ทุ่งหญ้า ดอกไม้ป่า ก้อนหิน รั้วไม้ ทางดิน,,,nswe,2
L13,light,water,ชมวิว,ริมน้ำพระอาทิตย์ตก,,,,กอบัว ดงกก ท่าน้ำ หินริมน้ำ,,,nswe,9
M13,mystery,mystery,จุดหมาย,เกาะลอยมีหีบ,วิญญาณดาว กวางแสง,เงาหมอก,,หมอกม่วงเงิน เกาะลอย น้ำตกกลับหัว ออโรร่า,,,nswe,9
N13,mystery,mystery,จุดหมาย,ศิลาจารึกผู้สร้าง,วิญญาณดาว กวางแสง,เงาหมอก,,หมอกม่วงเงิน เกาะลอย น้ำตกกลับหัว ออโรร่า,,,nswe,10
O13,dark,dark,จุดหมาย,ค่ายผู้พิทักษ์,,เงาเถ้า อัศวินเงา,,ทุ่งเถ้า ต้นไม้แห้ง หินดำ หมอกต่ำ,,,nswe,10
P13,dark,dark,จุดหมาย,ค่ายผู้พิทักษ์,,เงาเถ้า อัศวินเงา,,ทุ่งเถ้า ต้นไม้แห้ง หินดำ หมอกต่ำ,,,nswe,10
Q13,dark,mirror,ชมวิว,ทะเลสาบกระจก,,,,น้ำนิ่งสีดำ หินเงา,,,nswe,10
R13,dark,mirror,ชมวิว,ทะเลสาบกระจก,,,,น้ำนิ่งสีดำ หินเงา,,,nswe,10
S13,dark,dark,ทางผ่าน·มีมอน,ทางผ่าน·มีมอน,,เงาเถ้า อัศวินเงา,,ทุ่งเถ้า ต้นไม้แห้ง หินดำ หมอกต่ำ,,,nswe,10
T13,dark,dark,ทางผ่าน·มีมอน,ทางผ่าน·มีมอน,,เงาเถ้า อัศวินเงา,,ทุ่งเถ้า ต้นไม้แห้ง หินดำ หมอกต่ำ,,,nsw,10
C14,light,desert,ทางผ่าน·มีมอน,ทางผ่าน·มีมอน,กิ้งก่าทราย แมงป่องจิ๋ว,งูเงาทราย,,เนินทราย กระบองเพชร ซากเสาหิน ต้นปาล์ม,,,nse,5
D14,light,desert,จุดหมาย,โอเอซิส,กิ้งก่าทราย แมงป่องจิ๋ว,งูเงาทราย,,เนินทราย กระบองเพชร ซากเสาหิน ต้นปาล์ม,,,nswe,5
E14,light,desert,ทางผ่าน·มีมอน,ทางผ่าน·มีมอน,กิ้งก่าทราย แมงป่องจิ๋ว,งูเงาทราย,,เนินทราย กระบองเพชร ซากเสาหิน ต้นปาล์ม,,,nswe,5
F14,light,desert,จุดหมาย,โอเอซิส,กิ้งก่าทราย แมงป่องจิ๋ว,งูเงาทราย,,เนินทราย กระบองเพชร ซากเสาหิน ต้นปาล์ม,,✓,nswe,5
G14,light,desert,จุดหมาย,ทะเลสาบใหญ่,กิ้งก่าทราย แมงป่องจิ๋ว,งูเงาทราย,,เนินทราย กระบองเพชร ซากเสาหิน ต้นปาล์ม,,,nswe,5
H14,light,meadow,ทางผ่าน·มีมอน,ทางผ่าน·มีมอน,สไลม์อเมทิสต์ กระต่ายใบไม้ ผึ้งดอกไม้,เงาหญ้า,,ทุ่งหญ้า ดอกไม้ป่า ก้อนหิน รั้วไม้ ทางดิน,,,nswe,1
I14,light,meadow,ทางผ่าน·มีมอน,ทางผ่าน·มีมอน,สไลม์อเมทิสต์ กระต่ายใบไม้ ผึ้งดอกไม้,เงาหญ้า,,ทุ่งหญ้า ดอกไม้ป่า ก้อนหิน รั้วไม้ ทางดิน,,,nswe,1
J14,light,forest,ทางผ่าน·มีมอน,ทางผ่าน·มีมอน,เห็ดน้อย กระรอกลูกโอ๊ก นกฮูกโคม,หมาป่าเงา,,ต้นโอ๊ก ต้นสน พุ่มเบอร์รี่ เห็ด ขอนไม้ ลำธารเล็ก,,,nswe,2
K14,light,meadow,ทางผ่าน·มีมอน,ทางผ่าน·มีมอน,สไลม์อเมทิสต์ กระต่ายใบไม้ ผึ้งดอกไม้,เงาหญ้า,,ทุ่งหญ้า ดอกไม้ป่า ก้อนหิน รั้วไม้ ทางดิน,,,nswe,2
L14,light,water,ทางผ่าน·มีมอน,ทางผ่าน·มีมอน,กบบัว ปูน้อย,ปลิงเงา,,กอบัว ดงกก ท่าน้ำ หินริมน้ำ,,,nswe,9
M14,mystery,mystery,จุดหมาย,ศิลาจารึกผู้สร้าง,วิญญาณดาว กวางแสง,เงาหมอก,,หมอกม่วงเงิน เกาะลอย น้ำตกกลับหัว ออโรร่า,,,nswe,9
N14,mystery,mystery,ทางผ่าน·มีมอน,ทางผ่าน·มีมอน,วิญญาณดาว กวางแสง,เงาหมอก,,หมอกม่วงเงิน เกาะลอย น้ำตกกลับหัว ออโรร่า,,,nswe,10
O14,dark,dark,จุดหมาย,ซากหมู่บ้าน,,เงาเถ้า อัศวินเงา,,ทุ่งเถ้า ต้นไม้แห้ง หินดำ หมอกต่ำ,,,nswe,10
P14,dark,dark,จุดหมาย,ซากหมู่บ้าน,,เงาเถ้า อัศวินเงา,,ทุ่งเถ้า ต้นไม้แห้ง หินดำ หมอกต่ำ,,,nswe,10
Q14,dark,dark,จุดหมาย,ค่ายผู้พิทักษ์,,เงาเถ้า อัศวินเงา,,ทุ่งเถ้า ต้นไม้แห้ง หินดำ หมอกต่ำ,,,nswe,10
R14,dark,dark,ทางผ่าน·มีมอน,ทางผ่าน·มีมอน,,เงาเถ้า อัศวินเงา,,ทุ่งเถ้า ต้นไม้แห้ง หินดำ หมอกต่ำ,,,nswe,10
S14,dark,dark,ทางผ่าน·มีมอน,ทางผ่าน·มีมอน,,เงาเถ้า อัศวินเงา,,ทุ่งเถ้า ต้นไม้แห้ง หินดำ หมอกต่ำ,,,nswe,10
T14,dark,dark,ทางผ่าน·มีมอน,ทางผ่าน·มีมอน,,เงาเถ้า อัศวินเงา,,ทุ่งเถ้า ต้นไม้แห้ง หินดำ หมอกต่ำ,,,nsw,10
C15,light,meadow,ทางผ่าน·มีมอน,ทางผ่าน·มีมอน,สไลม์อเมทิสต์ กระต่ายใบไม้ ผึ้งดอกไม้,เงาหญ้า,,ทุ่งหญ้า ดอกไม้ป่า ก้อนหิน รั้วไม้ ทางดิน,,,ne,5
D15,light,desert,ทางผ่าน·มีมอน,ทางผ่าน·มีมอน,กิ้งก่าทราย แมงป่องจิ๋ว,งูเงาทราย,,เนินทราย กระบองเพชร ซากเสาหิน ต้นปาล์ม,,,nswe,5
E15,light,desert,ทางผ่าน·มีมอน,ทางผ่าน·มีมอน,กิ้งก่าทราย แมงป่องจิ๋ว,งูเงาทราย,,เนินทราย กระบองเพชร ซากเสาหิน ต้นปาล์ม,,,nswe,5
F15,light,desert,จุดหมาย,โอเอซิส,กิ้งก่าทราย แมงป่องจิ๋ว,งูเงาทราย,,เนินทราย กระบองเพชร ซากเสาหิน ต้นปาล์ม,,✓,nswe,3
G15,light,meadow,ทางผ่าน·มีมอน,ทางผ่าน·มีมอน,สไลม์อเมทิสต์ กระต่ายใบไม้ ผึ้งดอกไม้,เงาหญ้า,,ทุ่งหญ้า ดอกไม้ป่า ก้อนหิน รั้วไม้ ทางดิน,,,nswe,3
H15,light,meadow,ทางผ่าน·มีมอน,ทางผ่าน·มีมอน,สไลม์อเมทิสต์ กระต่ายใบไม้ ผึ้งดอกไม้,เงาหญ้า,,ทุ่งหญ้า ดอกไม้ป่า ก้อนหิน รั้วไม้ ทางดิน,,,nswe,1
I15,light,meadow,ทางผ่าน·มีมอน,ทางผ่าน·มีมอน,สไลม์อเมทิสต์ กระต่ายใบไม้ ผึ้งดอกไม้,เงาหญ้า,,ทุ่งหญ้า ดอกไม้ป่า ก้อนหิน รั้วไม้ ทางดิน,,,nswe,1
J15,light,mountain,ทางผ่าน·มีมอน,ทางผ่าน·มีมอน,ค้างคาวอเมทิสต์ โกเลมหินจิ๋ว แพะภูเขา,ค้างคาวเงา ก้อนหินเงา,,หน้าผา ก้อนหินใหญ่ สนภูเขา ทางชัน น้ำตกเล็ก,,,nswe,2
K15,light,mountain,ทางผ่าน·มีมอน,ทางผ่าน·มีมอน,ค้างคาวอเมทิสต์ โกเลมหินจิ๋ว แพะภูเขา,ค้างคาวเงา ก้อนหินเงา,,หน้าผา ก้อนหินใหญ่ สนภูเขา ทางชัน น้ำตกเล็ก,,,nswe,2
L15,light,water,ชมวิว,ริมน้ำพระอาทิตย์ตก,,,,กอบัว ดงกก ท่าน้ำ หินริมน้ำ,,,nswe,9
M15,mystery,mystery,ทางผ่าน·มีมอน,เส้นตะเกียงสุดท้าย,วิญญาณดาว กวางแสง,เงาหมอก,,หมอกม่วงเงิน เกาะลอย น้ำตกกลับหัว ออโรร่า,,,nswe,9
N15,mystery,mystery,ชมวิว,สะพานเมฆ,,,,หมอกม่วงเงิน เกาะลอย น้ำตกกลับหัว ออโรร่า,,,nswe,10
O15,dark,dark,จุดหมาย,ซากหมู่บ้าน,,เงาเถ้า อัศวินเงา,,ทุ่งเถ้า ต้นไม้แห้ง หินดำ หมอกต่ำ,,,nswe,10
P15,dark,dark,จุดหมาย,ค่ายผู้พิทักษ์,,เงาเถ้า อัศวินเงา,,ทุ่งเถ้า ต้นไม้แห้ง หินดำ หมอกต่ำ,,,nswe,10
Q15,dark,dark,ทางผ่าน·มีมอน,ทางผ่าน·มีมอน,,เงาเถ้า อัศวินเงา,,ทุ่งเถ้า ต้นไม้แห้ง หินดำ หมอกต่ำ,,,nswe,10
R15,dark,dark,ทางผ่าน·มีมอน,ทางผ่าน·มีมอน,,เงาเถ้า อัศวินเงา,,ทุ่งเถ้า ต้นไม้แห้ง หินดำ หมอกต่ำ,,,nswe,10
S15,dark,dark,ทางผ่าน·มีมอน,ทางผ่าน·มีมอน,,เงาเถ้า อัศวินเงา,,ทุ่งเถ้า ต้นไม้แห้ง หินดำ หมอกต่ำ,,,nswe,10
T15,dark,dark,ทางผ่าน·มีมอน,ทางผ่าน·มีมอน,,เงาเถ้า อัศวินเงา,,ทุ่งเถ้า ต้นไม้แห้ง หินดำ หมอกต่ำ,,,nsw,10
D16,light,desert,ทางผ่าน·มีมอน,ทางผ่าน·มีมอน,กิ้งก่าทราย แมงป่องจิ๋ว,งูเงาทราย,,เนินทราย กระบองเพชร ซากเสาหิน ต้นปาล์ม,,,nse,5
E16,light,desert,ทางผ่าน·มีมอน,ทางผ่าน·มีมอน,กิ้งก่าทราย แมงป่องจิ๋ว,งูเงาทราย,,เนินทราย กระบองเพชร ซากเสาหิน ต้นปาล์ม,,,nswe,3
F16,light,desert,จุดหมาย,ซากเมืองเก่า·ขุด,กิ้งก่าทราย แมงป่องจิ๋ว,งูเงาทราย,,เนินทราย กระบองเพชร ซากเสาหิน ต้นปาล์ม,,✓,nswe,3
G16,light,meadow,ทางผ่าน·มีมอน,ทางผ่าน·มีมอน,สไลม์อเมทิสต์ กระต่ายใบไม้ ผึ้งดอกไม้,เงาหญ้า,,ทุ่งหญ้า ดอกไม้ป่า ก้อนหิน รั้วไม้ ทางดิน,,,nswe,3
H16,light,meadow,ทางผ่าน·มีมอน,ทางผ่าน·มีมอน,สไลม์อเมทิสต์ กระต่ายใบไม้ ผึ้งดอกไม้,เงาหญ้า,,ทุ่งหญ้า ดอกไม้ป่า ก้อนหิน รั้วไม้ ทางดิน,,,nswe,3
I16,light,meadow,ทางผ่าน·มีมอน,ทางผ่าน·มีมอน,สไลม์อเมทิสต์ กระต่ายใบไม้ ผึ้งดอกไม้,เงาหญ้า,,ทุ่งหญ้า ดอกไม้ป่า ก้อนหิน รั้วไม้ ทางดิน,,,nswe,3
J16,light,meadow,ทางผ่าน·มีมอน,ทางผ่าน·มีมอน,สไลม์อเมทิสต์ กระต่ายใบไม้ ผึ้งดอกไม้,เงาหญ้า,,ทุ่งหญ้า ดอกไม้ป่า ก้อนหิน รั้วไม้ ทางดิน,,,nswe,2
K16,light,water,ทางผ่าน·มีมอน,ทางผ่าน·มีมอน,กบบัว ปูน้อย,ปลิงเงา,,กอบัว ดงกก ท่าน้ำ หินริมน้ำ,,,nswe,2
L16,light,water,ชมวิว,ริมน้ำพระอาทิตย์ตก,,,,กอบัว ดงกก ท่าน้ำ หินริมน้ำ,,,nswe,9
M16,mystery,mystery,ทางผ่าน·มีมอน,ทางผ่าน·มีมอน,วิญญาณดาว กวางแสง,เงาหมอก,,หมอกม่วงเงิน เกาะลอย น้ำตกกลับหัว ออโรร่า,,,nswe,9
N16,mystery,mystery,ทางผ่าน·มีมอน,ทางผ่าน·มีมอน,วิญญาณดาว กวางแสง,เงาหมอก,,หมอกม่วงเงิน เกาะลอย น้ำตกกลับหัว ออโรร่า,,,nswe,10
O16,mystery,mystery,ทางผ่าน·มีมอน,ทางผ่าน·มีมอน,วิญญาณดาว กวางแสง,เงาหมอก,,หมอกม่วงเงิน เกาะลอย น้ำตกกลับหัว ออโรร่า,,,nswe,10
P16,dark,dark,จุดหมาย,ค่ายผู้พิทักษ์,,เงาเถ้า อัศวินเงา,,ทุ่งเถ้า ต้นไม้แห้ง หินดำ หมอกต่ำ,,,nswe,10
Q16,dark,dark,ทางผ่าน·มีมอน,ทางผ่าน·มีมอน,,เงาเถ้า อัศวินเงา,,ทุ่งเถ้า ต้นไม้แห้ง หินดำ หมอกต่ำ,,,nswe,10
R16,dark,dark,ทางผ่าน·มีมอน,ทางผ่าน·มีมอน,,เงาเถ้า อัศวินเงา,,ทุ่งเถ้า ต้นไม้แห้ง หินดำ หมอกต่ำ,,,nswe,10
S16,dark,dark,ทางผ่าน·มีมอน,ทางผ่าน·มีมอน,,เงาเถ้า อัศวินเงา,,ทุ่งเถ้า ต้นไม้แห้ง หินดำ หมอกต่ำ,,,nswe,10
T16,dark,dark,ทางผ่าน·มีมอน,ทางผ่าน·มีมอน,,เงาเถ้า อัศวินเงา,,ทุ่งเถ้า ต้นไม้แห้ง หินดำ หมอกต่ำ,,,nsw,10
D17,light,meadow,ทางผ่าน·มีมอน,ทางผ่าน·มีมอน,สไลม์อเมทิสต์ กระต่ายใบไม้ ผึ้งดอกไม้,เงาหญ้า,,ทุ่งหญ้า ดอกไม้ป่า ก้อนหิน รั้วไม้ ทางดิน,,,ne,3
E17,light,desert,ทางผ่าน·มีมอน,ทางผ่าน·มีมอน,กิ้งก่าทราย แมงป่องจิ๋ว,งูเงาทราย,,เนินทราย กระบองเพชร ซากเสาหิน ต้นปาล์ม,,,nswe,3
F17,light,water,ชมวิว,ริมน้ำพระอาทิตย์ตก,,,,กอบัว ดงกก ท่าน้ำ หินริมน้ำ,,✓,nswe,3
G17,light,water,จุดหมาย,บึงจับกบ,กบบัว ปูน้อย,ปลิงเงา,,กอบัว ดงกก ท่าน้ำ หินริมน้ำ,,,nswe,3
H17,light,meadow,ทางผ่าน·มีมอน,ทางผ่าน·มีมอน,สไลม์อเมทิสต์ กระต่ายใบไม้ ผึ้งดอกไม้,เงาหญ้า,,ทุ่งหญ้า ดอกไม้ป่า ก้อนหิน รั้วไม้ ทางดิน,,,nswe,3
I17,light,meadow,ทางผ่าน·มีมอน,ทางผ่าน·มีมอน,สไลม์อเมทิสต์ กระต่ายใบไม้ ผึ้งดอกไม้,เงาหญ้า,,ทุ่งหญ้า ดอกไม้ป่า ก้อนหิน รั้วไม้ ทางดิน,,,nswe,3
J17,light,meadow,ทางผ่าน·มีมอน,ทางผ่าน·มีมอน,สไลม์อเมทิสต์ กระต่ายใบไม้ ผึ้งดอกไม้,เงาหญ้า,,ทุ่งหญ้า ดอกไม้ป่า ก้อนหิน รั้วไม้ ทางดิน,,,nswe,3
K17,light,water,ทางผ่าน·มีมอน,ทางผ่าน·มีมอน,กบบัว ปูน้อย,ปลิงเงา,,กอบัว ดงกก ท่าน้ำ หินริมน้ำ,,,nswe,3
L17,mystery,mystery,ทางผ่าน·มีมอน,ทางผ่าน·มีมอน,วิญญาณดาว กวางแสง,เงาหมอก,,หมอกม่วงเงิน เกาะลอย น้ำตกกลับหัว ออโรร่า,,,nswe,3
M17,mystery,mystery,ทางผ่าน·มีมอน,ทางผ่าน·มีมอน,วิญญาณดาว กวางแสง,เงาหมอก,,หมอกม่วงเงิน เกาะลอย น้ำตกกลับหัว ออโรร่า,,,nswe,9
N17,mystery,mystery,ทางผ่าน·มีมอน,ทางผ่าน·มีมอน,วิญญาณดาว กวางแสง,เงาหมอก,,หมอกม่วงเงิน เกาะลอย น้ำตกกลับหัว ออโรร่า,,,nswe,10
O17,mystery,mystery,ทางผ่าน·มีมอน,ทางผ่าน·มีมอน,วิญญาณดาว กวางแสง,เงาหมอก,,หมอกม่วงเงิน เกาะลอย น้ำตกกลับหัว ออโรร่า,,,nswe,10
P17,dark,dark,ทางผ่าน·มีมอน,ทางผ่าน·มีมอน,,เงาเถ้า อัศวินเงา,,ทุ่งเถ้า ต้นไม้แห้ง หินดำ หมอกต่ำ,,,nswe,10
Q17,dark,dark,ทางผ่าน·มีมอน,ทางผ่าน·มีมอน,,เงาเถ้า อัศวินเงา,,ทุ่งเถ้า ต้นไม้แห้ง หินดำ หมอกต่ำ,,,nswe,10
R17,dark,dark,ทางผ่าน·มีมอน,ทางผ่าน·มีมอน,,เงาเถ้า อัศวินเงา,,ทุ่งเถ้า ต้นไม้แห้ง หินดำ หมอกต่ำ,,,nswe,10
S17,dark,dark,ทางผ่าน·มีมอน,ทางผ่าน·มีมอน,,เงาเถ้า อัศวินเงา,,ทุ่งเถ้า ต้นไม้แห้ง หินดำ หมอกต่ำ,,,nswe,10
T17,dark,dark,ทางผ่าน·มีมอน,ทางผ่าน·มีมอน,,เงาเถ้า อัศวินเงา,,ทุ่งเถ้า ต้นไม้แห้ง หินดำ หมอกต่ำ,,,nsw,10
E18,light,water,จุดหมาย,ท่าตกปลา,กบบัว ปูน้อย,ปลิงเงา,,กอบัว ดงกก ท่าน้ำ หินริมน้ำ,,,ne,3
F18,light,water,ชมวิว,ริมน้ำพระอาทิตย์ตก,,,,กอบัว ดงกก ท่าน้ำ หินริมน้ำ,,✓,nswe,3
G18,light,water,จุดหมาย,ท่าตกปลา,กบบัว ปูน้อย,ปลิงเงา,,กอบัว ดงกก ท่าน้ำ หินริมน้ำ,ถ้ำแนวปะการัง,,nwe,3
H18,light,water,จุดหมาย,บึงจับกบ,กบบัว ปูน้อย,ปลิงเงา,,กอบัว ดงกก ท่าน้ำ หินริมน้ำ,,,nwe,3
I18,light,water,ชมวิว,ริมน้ำพระอาทิตย์ตก,,,,กอบัว ดงกก ท่าน้ำ หินริมน้ำ,,,nwe,3
J18,light,meadow,ทางผ่าน·มีมอน,ทางผ่าน·มีมอน,สไลม์อเมทิสต์ กระต่ายใบไม้ ผึ้งดอกไม้,เงาหญ้า,,ทุ่งหญ้า ดอกไม้ป่า ก้อนหิน รั้วไม้ ทางดิน,,,nwe,3
K18,light,water,ชมวิว,ริมน้ำพระอาทิตย์ตก,,,,กอบัว ดงกก ท่าน้ำ หินริมน้ำ,,,nwe,3
L18,mystery,mystery,ทางผ่าน·มีมอน,ทางผ่าน·มีมอน,วิญญาณดาว กวางแสง,เงาหมอก,,หมอกม่วงเงิน เกาะลอย น้ำตกกลับหัว ออโรร่า,,,nwe,3
M18,mystery,mystery,ทางผ่าน·มีมอน,ทางผ่าน·มีมอน,วิญญาณดาว กวางแสง,เงาหมอก,,หมอกม่วงเงิน เกาะลอย น้ำตกกลับหัว ออโรร่า,,,nswe,3
N18,mystery,mystery,ทางผ่าน·มีมอน,ทางผ่าน·มีมอน,วิญญาณดาว กวางแสง,เงาหมอก,,หมอกม่วงเงิน เกาะลอย น้ำตกกลับหัว ออโรร่า,,,nswe,3
O18,mystery,mystery,ทางผ่าน·มีมอน,ทางผ่าน·มีมอน,วิญญาณดาว กวางแสง,เงาหมอก,,หมอกม่วงเงิน เกาะลอย น้ำตกกลับหัว ออโรร่า,,,nswe,10
P18,dark,dark,ทางผ่าน·มีมอน,ทางผ่าน·มีมอน,,เงาเถ้า อัศวินเงา,,ทุ่งเถ้า ต้นไม้แห้ง หินดำ หมอกต่ำ,,,nswe,10
Q18,dark,dark,ทางผ่าน·มีมอน,ทางผ่าน·มีมอน,,เงาเถ้า อัศวินเงา,,ทุ่งเถ้า ต้นไม้แห้ง หินดำ หมอกต่ำ,,,nswe,10
R18,dark,dark,ทางผ่าน·มีมอน,ทางผ่าน·มีมอน,,เงาเถ้า อัศวินเงา,,ทุ่งเถ้า ต้นไม้แห้ง หินดำ หมอกต่ำ,,,nswe,10
S18,dark,dark,ทางผ่าน·มีมอน,ทางผ่าน·มีมอน,,เงาเถ้า อัศวินเงา,,ทุ่งเถ้า ต้นไม้แห้ง หินดำ หมอกต่ำ,,,nswe,10
T18,dark,dark,ทางผ่าน·มีมอน,ทางผ่าน·มีมอน,,เงาเถ้า อัศวินเงา,,ทุ่งเถ้า ต้นไม้แห้ง หินดำ หมอกต่ำ,,,nsw,10
F19,light,sea,จุดหมาย,เมืองปะการัง,,,ลานคริสตัลกลางเมือง + นักเวทประจำเมือง · ร้านอาวุธ/อุปกรณ์ · ร้านของใช้ · โรงเตี๊ยม · บ้านชาวบ้าน · บอร์ดภารกิจ,,,✓,n,3
M19,mystery,mystery,ทางผ่าน·มีมอน,ทางผ่าน·มีมอน,วิญญาณดาว กวางแสง,เงาหมอก,,หมอกม่วงเงิน เกาะลอย น้ำตกกลับหัว ออโรร่า,,,ne,3
N19,mystery,mystery,ทางผ่าน·มีมอน,ทางผ่าน·มีมอน,วิญญาณดาว กวางแสง,เงาหมอก,,หมอกม่วงเงิน เกาะลอย น้ำตกกลับหัว ออโรร่า,,,nwe,3
O19,mystery,mystery,ทางผ่าน·มีมอน,ทางผ่าน·มีมอน,วิญญาณดาว กวางแสง,เงาหมอก,,หมอกม่วงเงิน เกาะลอย น้ำตกกลับหัว ออโรร่า,,,nwe,3
P19,dark,dark,ทางผ่าน·มีมอน,ทางผ่าน·มีมอน,,เงาเถ้า อัศวินเงา,,ทุ่งเถ้า ต้นไม้แห้ง หินดำ หมอกต่ำ,,,nswe,3
Q19,dark,dark,ทางผ่าน·มีมอน,ทางผ่าน·มีมอน,,เงาเถ้า อัศวินเงา,,ทุ่งเถ้า ต้นไม้แห้ง หินดำ หมอกต่ำ,,,nswe,3
R19,dark,dark,ทางผ่าน·มีมอน,ทางผ่าน·มีมอน,,เงาเถ้า อัศวินเงา,,ทุ่งเถ้า ต้นไม้แห้ง หินดำ หมอกต่ำ,,,nswe,10
S19,dark,dark,ทางผ่าน·มีมอน,ทางผ่าน·มีมอน,,เงาเถ้า อัศวินเงา,,ทุ่งเถ้า ต้นไม้แห้ง หินดำ หมอกต่ำ,,,nswe,10
T19,dark,dark,ทางผ่าน·มีมอน,ทางผ่าน·มีมอน,,เงาเถ้า อัศวินเงา,,ทุ่งเถ้า ต้นไม้แห้ง หินดำ หมอกต่ำ,,,nsw,10
P20,dark,dark,ชมวิว,จุดชมดาวมืด,,,,ทุ่งเถ้า ต้นไม้แห้ง หินดำ หมอกต่ำ,,,ne,3
Q20,dark,dark,ชมวิว,จุดชมดาวมืด,,,,ทุ่งเถ้า ต้นไม้แห้ง หินดำ หมอกต่ำ,,,nwe,3
R20,dark,dark,ทางผ่าน·มีมอน,ทางผ่าน·มีมอน,,เงาเถ้า อัศวินเงา,,ทุ่งเถ้า ต้นไม้แห้ง หินดำ หมอกต่ำ,,,nwe,10
S20,dark,dark,ทางผ่าน·มีมอน,ทางผ่าน·มีมอน,,เงาเถ้า อัศวินเงา,,ทุ่งเถ้า ต้นไม้แห้ง หินดำ หมอกต่ำ,,,nwe,10
T20,dark,dark,ชมวิว,จุดชมดาวมืด,,,,ทุ่งเถ้า ต้นไม้แห้ง หินดำ หมอกต่ำ,,,nw,10
